Workbook

Sheet Instructions
A1: ITC327W Project Progress and Contribution Workbook
A3: Use this workbook throughout the semester. Update it after each project phase and submit the same workbook again so that progress can be tracked over time.
A5: Sheet | B5: Purpose | D5: Evidence and Accountability Rules
A6: Project Overview | B6: Enter the group and project details. The dashboard summarises task progress automatically. | D6: 1 | E6: Every student must be assigned meaningful work in Microsoft Project.
A7: Task Progress | B7: Record planned and completed tasks, responsible students, dates, status, percentage completed and evidence. | D7: 2 | E7: Completed work must be supported by evidence such as GitHub activity, meeting records, document sections, screenshots or stakeholder communication.
A8: Individual Contributions | B8: Record the work personally completed by each student. Every entry must have evidence. | D8: 3 | E8: GitHub commits are not the only evidence. Planning, interviewing, documentation, coordination and quality review also count.
A9: Stakeholder Engagement | B9: Record meetings, calls and emails with the stakeholder and the main outcomes. | D9: 4 | E9: Do not record work as completed by a student when it was completed by someone else.
A10: Challenges & Actions | B10: Record project challenges, their effect and the corrective action taken. | D10: 5 | E10: Do not place passwords, API keys, identity numbers, private contact details or confidential records in this workbook or on GitHub.
A11: Phase Summary | B11: Provide a short summary of the phase, including achievements, outstanding work and participation concerns. | D11: 6 | E11: The confidential individual peer evaluation must be completed separately on Blackboard.
A12: Group Reflection | B12: Complete one shared reflection after each phase. Be honest and specific.
D13: Recommended Update Points
D14: Unit 1 / Phase 1 | E14: Planning, stakeholder engagement, requirements and initial SRS
D15: Phase 2 | E15: Architecture, UML, ERD and interface design
D16: Phase 3 | E16: Development, integration, testing and demonstration
D17: Final | E17: Overall project summary and final reflection

Sheet Project Overview
A1: Project Overview and Progress Dashboard
A3: Project Information | B3: Group Response | F3: Task Status | G3: Count
A4: Group name or number | B4: Group 4 — Digital Vanguard | F4: Completed | G4: =COUNTIF('Task Progress'!H2:H101,"Completed") -> 11
A5: Project title | B5: Nama Nameng: A Mobile and Web-Based Ordering, Payment and Queue Management System | F5: In Progress | G5: =COUNTIF('Task Progress'!H2:H101,"In Progress") -> 0
A6: Stakeholder or organisation | B6: Nama Nameng (Chisa Nyama) — Owner: Doja | F6: Not Started | G6: =COUNTIF('Task Progress'!H2:H101,"Not Started") -> 0
A7: Group mentor | B7: To be confirmed with module coordinator | F7: Delayed | G7: =COUNTIF('Task Progress'!H2:H101,"Delayed") -> 0
A8: Reporting phase | B8: Unit 1 / Phase 1 | F8: Blocked | G8: =COUNTIF('Task Progress'!H2:H101,"Blocked") -> 0
A9: Reporting period | B9: 18 Aug 2026 – 26 Aug 2026 | F9: Overdue | G9: =COUNTIF('Task Progress'!M2:M101,"Overdue") -> 0
A10: Overall status | B10: Completed
A11: Overall % complete | B11: =IFERROR(SUM('Task Progress'!I2:I101)/COUNTIF('Task Progress'!D2:D101,"<>")/100,0) -> 0.91666667 | F11: Contribution Summary | G11: Count
A12: Main achievement | B12: Completed the stakeholder-confirmed SRS covering problem analysis, requirements, feasibility study and risk register, plus initial GitHub and Supabase setup. | F12: Contribution entries | G12: =COUNTIF('Individual Contributions'!E3:E201,"?*") -> 5
A13: Main challenge | B13: Deciding the payment approach — full online payment was descoped to cash-on-collection after feasibility review, which required updating the requirements change log. | F13: Verified entries | G13: =COUNTIFS('Individual Contributions'!E3:E201,"?*",'Individual Contributions'!J3:J201,"Yes") -> 5
A14: Next planned activity | B14: Push actual project files (SRS, MPP, Excel tracker, mobile/web code skeletons) into GitHub with commits from every group member, then begin system design (UML/ERD). | F14: Unverified entries | G14: =COUNTIFS('Individual Contributions'!E3:E201,"?*",'Individual Contributions'!J3:J201,"No") -> 0
F15: Stakeholder engagements | G15: =COUNT('Stakeholder Engagement'!A3:A101) -> 2

Sheet Task Progress
A1: Task Progress Tracker
A2: Task ID | B2: Reporting Phase | C2: Activity | D2: Task Description | E2: Assigned Student(s) | F2: Start Date | G2: Due Date | H2: Status | I2: % Complete | J2: Evidence / Link | K2: Verified by Group | L2: Lecturer Comment | M2: Progress Flag
A3: U1-01 | B3: Unit 1 / Phase 1 | C3: Activity 1.1 | D3: Identify and confirm the external stakeholder | E3: Portia Nkotseng Sefatsa , Charmaine Mogotsi | F3: 46252 | G3: 46255 | H3: Completed | I3: 100 | J3: SRS Appendix A/B — stakeholder identification and confirmation notes | K3: Yes | M3: =IF(D3="","",IF(H3="Completed","Completed",IF(H3="Blocked","Blocked",IF(H3="Delayed","Delayed",IF(AND(G3<>"",G3<TODAY(),H3<>"Completed"),"Overdue","On Track"))))) -> Completed
A4: U1-02 | B4: Unit 1 / Phase 1 | C4: Activity 1.1 | D4: Document the current process and problem | E4: Neo Lekhelebana , Tshepang Morake | F4: 46252 | G4: 46256 | H4: Completed | I4: 100 | J4: SRS Sections 3 & 9 — Problem Statement and Current Process | K4: Yes | M4: =IF(D4="","",IF(H4="Completed","Completed",IF(H4="Blocked","Blocked",IF(H4="Delayed","Delayed",IF(AND(G4<>"",G4<TODAY(),H4<>"Completed"),"Overdue","On Track"))))) -> Completed
A5: U1-03 | B5: Unit 1 / Phase 1 | C5: Activity 1.1 | D5: Define the project aim, objectives and scope | E5: Hlayiseka Matsimbi , Neo Lekhelebana | F5: 46253 | G5: 46256 | H5: Completed | I5: 100 | J5: SRS Sections 4–5 — Aim, Objectives and Scope | K5: Yes | M5: =IF(D5="","",IF(H5="Completed","Completed",IF(H5="Blocked","Blocked",IF(H5="Delayed","Delayed",IF(AND(G5<>"",G5<TODAY(),H5<>"Completed"),"Overdue","On Track"))))) -> Completed
A6: U1-04 | B6: Unit 1 / Phase 1 | C6: Activity 1.2 | D6: Prepare stakeholder interview questions | E6: Portia Nkotseng Sefatsa , Charmaine Mogotsi | F6: 46254 | G6: 46255 | H6: Completed | I6: 100 | J6: SRS Appendix A — interview questions | K6: Yes | M6: =IF(D6="","",IF(H6="Completed","Completed",IF(H6="Blocked","Blocked",IF(H6="Delayed","Delayed",IF(AND(G6<>"",G6<TODAY(),H6<>"Completed"),"Overdue","On Track"))))) -> Completed
A7: U1-05 | B7: Unit 1 / Phase 1 | C7: Activity 1.2 | D7: Conduct and document the stakeholder interview | E7: All Group Members | F7: 46255 | G7: 46257 | H7: Completed | I7: 100 | J7: SRS Appendix A — Interview Notes | K7: Yes | M7: =IF(D7="","",IF(H7="Completed","Completed",IF(H7="Blocked","Blocked",IF(H7="Delayed","Delayed",IF(AND(G7<>"",G7<TODAY(),H7<>"Completed"),"Overdue","On Track"))))) -> Completed
A8: U1-06 | B8: Unit 1 / Phase 1 | C8: Activity 1.3 | D8: Compile the initial SRS | E8: All Group Members | F8: 46255 | G8: 46259 | H8: Completed | I8: 100 | J8: docs/ folder in GitHub repository — SRS document | K8: Yes | M8: =IF(D8="","",IF(H8="Completed","Completed",IF(H8="Blocked","Blocked",IF(H8="Delayed","Delayed",IF(AND(G8<>"",G8<TODAY(),H8<>"Completed"),"Overdue","On Track"))))) -> Completed
A9: U1-07 | B9: Unit 1 / Phase 1 | C9: Activity 1.3 | D9: Create the initial Microsoft Project schedule | E9: Tshepang Morake , Hlayiseka Matsimbi | F9: 46257 | G9: 46258 | H9: Completed | I9: 100 | J9: project-management/ folder in GitHub repository — MS Project file | K9: Yes | M9: =IF(D9="","",IF(H9="Completed","Completed",IF(H9="Blocked","Blocked",IF(H9="Delayed","Delayed",IF(AND(G9<>"",G9<TODAY(),H9<>"Completed"),"Overdue","On Track"))))) -> Completed
A10: U1-08 | B10: Unit 1 / Phase 1 | C10: Activity 1.3 | D10: Create and configure the GitHub repository | E10: Neo Lekhelebana , Charmaine Mogotsi | F10: 46256 | G10: 46257 | H10: Completed | I10: 100 | J10: https://github.com/Lekhelebana/WIL-Project | K10: Yes | M10: =IF(D10="","",IF(H10="Completed","Completed",IF(H10="Blocked","Blocked",IF(H10="Delayed","Delayed",IF(AND(G10<>"",G10<TODAY(),H10<>"Completed"),"Overdue","On Track"))))) -> Completed
A11: U1-09 | B11: Unit 1 / Phase 1 | C11: Activity 1.3 | D11: Create the initial Supabase project | E11: Portia Nkotseng Sefatsa , Tshepang Morake | F11: 46257 | G11: 46258 | H11: Completed | I11: 100 | J11: https://supabase.com/dashboard/project/qmcwfnupigrpkmtommcd | K11: Yes | M11: =IF(D11="","",IF(H11="Completed","Completed",IF(H11="Blocked","Blocked",IF(H11="Delayed","Delayed",IF(AND(G11<>"",G11<TODAY(),H11<>"Completed"),"Overdue","On Track"))))) -> Completed
A12: U1-10 | B12: Unit 1 / Phase 1 | C12: Activity 1.3 | D12: Complete the progress report and contribution record | E12: Hlayiseka Matsimbi | F12: 46258 | G12: 46259 | H12: Completed | I12: 100 | J12: ITC327W_Project_Progress_Tracker_2026.xlsx (this workbook) | K12: Yes | M12: =IF(D12="","",IF(H12="Completed","Completed",IF(H12="Blocked","Blocked",IF(H12="Delayed","Delayed",IF(AND(G12<>"",G12<TODAY(),H12<>"Completed"),"Overdue","On Track"))))) -> Completed
A13: U1-11 | B13: Unit 1 / Phase 1 | C13: Activity 1.3 | D13: Complete the Unit 1 group reflection | E13: All Group Members | F13: 46258 | G13: 46259 | H13: Completed | I13: 100 | J13: Group Reflection sheet (this workbook) | K13: Yes | M13: =IF(D13="","",IF(H13="Completed","Completed",IF(H13="Blocked","Blocked",IF(H13="Delayed","Delayed",IF(AND(G13<>"",G13<TODAY(),H13<>"Completed"),"Overdue","On Track"))))) -> Completed
M14: =IF(D14="","",IF(H14="Completed","Completed",IF(H14="Blocked","Blocked",IF(H14="Delayed","Delayed",IF(AND(G14<>"",G14<TODAY(),H14<>"Completed"),"Overdue","On Track")))))
M15: =IF(D15="","",IF(H15="Completed","Completed",IF(H15="Blocked","Blocked",IF(H15="Delayed","Delayed",IF(AND(G15<>"",G15<TODAY(),H15<>"Completed"),"Overdue","On Track")))))
M16: =IF(D16="","",IF(H16="Completed","Completed",IF(H16="Blocked","Blocked",IF(H16="Delayed","Delayed",IF(AND(G16<>"",G16<TODAY(),H16<>"Completed"),"Overdue","On Track")))))
M17: =IF(D17="","",IF(H17="Completed","Completed",IF(H17="Blocked","Blocked",IF(H17="Delayed","Delayed",IF(AND(G17<>"",G17<TODAY(),H17<>"Completed"),"Overdue","On Track")))))
M18: =IF(D18="","",IF(H18="Completed","Completed",IF(H18="Blocked","Blocked",IF(H18="Delayed","Delayed",IF(AND(G18<>"",G18<TODAY(),H18<>"Completed"),"Overdue","On Track")))))
M19: =IF(D19="","",IF(H19="Completed","Completed",IF(H19="Blocked","Blocked",IF(H19="Delayed","Delayed",IF(AND(G19<>"",G19<TODAY(),H19<>"Completed"),"Overdue","On Track")))))
M20: =IF(D20="","",IF(H20="Completed","Completed",IF(H20="Blocked","Blocked",IF(H20="Delayed","Delayed",IF(AND(G20<>"",G20<TODAY(),H20<>"Completed"),"Overdue","On Track")))))
M21: =IF(D21="","",IF(H21="Completed","Completed",IF(H21="Blocked","Blocked",IF(H21="Delayed","Delayed",IF(AND(G21<>"",G21<TODAY(),H21<>"Completed"),"Overdue","On Track")))))
M22: =IF(D22="","",IF(H22="Completed","Completed",IF(H22="Blocked","Blocked",IF(H22="Delayed","Delayed",IF(AND(G22<>"",G22<TODAY(),H22<>"Completed"),"Overdue","On Track")))))
M23: =IF(D23="","",IF(H23="Completed","Completed",IF(H23="Blocked","Blocked",IF(H23="Delayed","Delayed",IF(AND(G23<>"",G23<TODAY(),H23<>"Completed"),"Overdue","On Track")))))
M24: =IF(D24="","",IF(H24="Completed","Completed",IF(H24="Blocked","Blocked",IF(H24="Delayed","Delayed",IF(AND(G24<>"",G24<TODAY(),H24<>"Completed"),"Overdue","On Track")))))
M25: =IF(D25="","",IF(H25="Completed","Completed",IF(H25="Blocked","Blocked",IF(H25="Delayed","Delayed",IF(AND(G25<>"",G25<TODAY(),H25<>"Completed"),"Overdue","On Track")))))
... M101: =IF(D101="","",IF(H101="Completed","Completed",IF(H101="Blocked","Blocked",IF(H101="Delayed","Delayed",IF(AND(G101<>"",G101<TODAY(),H101<>"Completed"),"Overdue","On Track")))))

Sheet Individual Contributions
A1: Individual Contribution Record
A2: Student Name | B2: Student Number | C2: Reporting Phase | D2: Activity | E2: Assigned Responsibility | F2: Work Personally Completed | G2: Date Completed | H2: Hours Spent | I2: Evidence / Link | J2: Verified by Group | K2: Verification Date | L2: Notes
A3: Neo Lekhelebana | B3: 221000484 | C3: Unit 1 / Phase 1 | D3: -Activity 1.1 -Activity 1.2 -Activity 1.3 | E3: -Create the inital supabase setup -Define the project aim, objectives and scope | F3: Documentation and Supabase setups. | G3: 18/08/2026 | H3: 3 Hours | I3: Supabase dashboard (link in Task Progress U1-09); SRS Sections 4–5 | J3: Yes | K3: 25/08/2026
A4: Tshepang Morake | B4: 222075924 | C4: Unit 1 / Phase 1 | D4: -Activity 1.1 -Activity 1.3 | E4: -Create inital Supabase setup -Microsoft Project Plan | F4: Microsoft project plan and initial Supabase setup. | G4: 24/08/2026 | H4: 2 Hours | I4: project-management/ folder in GitHub repo (MPP file); Supabase dashboard link | J4: Yes | K4: 25/08/2026
A5: Portia Sefatsa | B5: 220007164 | C5: Unit 1 / Phase 1 | D5: -Activity 1.1 -Activity 1.2 | E5: -Project Risk Analysis -Create the initial Supabase project | F5: Initial Supabase Setup and project risk anaylsis. | G5: 25/08/2026 | H5: 4 Hours | I5: SRS Project Risk Register section; Supabase dashboard link | J5: Yes | K5: 25/08/2026
A6: Charmaine Mogotsi | B6: 221023182 | C6: Unit 1 / Phase 1 | D6: -Activity 1.1 -Activity 1.2 -Activity 1.3 | E6: -Prepare stakeholder interview questions -Create and configure the GitHub repository | F6: configuring the Github repository and stakehlder questions preparations. | G6: 25/08/2026 | H6: 5 hours | I6: GitHub repo commit history and README; SRS Appendix A interview questions | J6: Yes | K6: 25/08/2026
A7: Hlayiseka Matsimbi | B7: 221027400 | C7: Unit 1 / Phase 1 | D7: -Activity 1.1 -Activity 1.2 -Activity 1.3 | E7: -Complete the progress report and contribution record -Define the project aim, objectives and scope | F7: Project scope triple constraints documentation and progress report contribution. | G7: 26/08/2026 | H7: 5 Hours | I7: This workbook (Progress Tracker); SRS Section 5 Project Scope | J7: Yes | K7: 25/08/2026

Sheet Challenges & Actions
A1: Challenges and Corrective Actions
A2: Date Identified | B2: Reporting Phase | C2: Challenge | D2: Effect on Progress | E2: Corrective Action | F2: Responsible Student | G2: Target Date | H2: Status
A3: 23/08/2026 | B3: Unit 1 / Phase 1 | C3: Online payment | D3: Uncertainty on the features to be included and project scope | E3: Attempt using open source API | F3: Neo Lekhelebana | G3: 28/09/2026 | H3: In Progress

Sheet Phase Summary
A1: Phase Progress Summary
A3: Summary Information | B3: Group Response | D3: Phase Completion Checklist
A4: Reporting phase | B4: Unit 1 / Phase 1 | D4: Initial or updated SRS completed | E4: Yes
A5: Reporting period | B5: 18 Aug 2026 – 26 Aug 2026 | D5: Progress report updated | E5: Yes
A6: Overall phase status | B6: Completed | D6: Individual contributions recorded | E6: Yes
A7: What was completed during this phase? | B7: Detailed SRS, project scope, stakeholder requirements, supabase setup and github configuration. | D7: Stakeholder engagement recorded | E7: Yes
A8: What remains incomplete? | B8: None | D8: Challenges and actions updated | E8: Yes
A9: Why is it incomplete? | B9: N/A | D9: Group reflection completed | E9: Yes
A10: Which contributions were particularly important? | B10: Supabase setup,Github configuration and progress tracker. | D10: Microsoft Project updated | E10: Yes
A11: Were there participation concerns? | B11: No | D11: GitHub evidence available | E11: Yes
A12: What will the group improve in the next phase? | B12: Time management, strategic WBS and innovative | D12: Confidential peer check completed | E12: Yes
A13: Main priority for the next phase | B13: Continue according to the project project plan and work on a much faster pace than the current phase.

Sheet Stakeholder Engagement
A1: Stakeholder Engagement Record
A2: Date | B2: Reporting Phase | C2: Type of Engagement | D2: Purpose | E2: Students Present | F2: Stakeholder Present / Role | G2: Main Findings | H2: Action Required | I2: Evidence / Link
A4: 46252 | B4: Unit 1 / Phase 1 | C4: Site Visit | D4: Discover a stakeholder | E4: All Group Member | F4: Owner | G4: Problems of the organisation | H4: address the solution | I4: SRS Appendix C — Site Visit / Photographic evidence
A5: 46260 | B5: Unit 1 / Phase 1 | C5: Meeting | D5: Engagement wiht Stakeholder | E5: All Group Member | F5: Owner & Staff | G5: Scope Requirements | H5: Gather Scope Requirements | I5: SRS Appendix B — Requirements Confirmation Evidence

Sheet Group Reflection
A1: Group Reflection
A3: Reflection Information | B3: Group Response | D3: Reflection Guidance
A4: Reporting phase | B4: Unit 1 / Phase 1 | D4: Length | E4: Approximately 300–400 words in total.
A5: Project title | B5: Nama Nameng | D5: Focus | E5: Discuss the group’s actual experience, not the activity instructions.
A6: Most important learning from this phase | B6: That requirements only become real once they are checked against an actual stakeholder — several assumptions we made before meeting Doja turned out to be wrong, particularly around online payment. | D6: Honesty | E6: Identifying a genuine challenge will not disadvantage the group when an improvement action is provided.
A7: What went well and why? | B7: Stakeholder engagement went well because we prepared interview questions in advance and visited the premises directly, which gave us specific, usable detail for the problem statement rather than guesses. | D7: Evidence | E7: Ensure that claims about participation agree with the contribution record, Microsoft Project and GitHub.
A8: What was difficult and why? | B8: Agreeing on the exact scope for payment handling was difficult, since the stakeholder was open to card payment but a full gateway was not realistic for a semester prototype — we resolved this through the feasibility study and logged it as a scope change. | D8: Research use | E8: Student work may only be used for research after the required ethical approval and consent processes.
A9: How were tasks divided among members? | B9: Tasks were divided by activity (stakeholder engagement, documentation, Supabase setup, GitHub configuration, Microsoft Project) with each pair or individual owning a clear deliverable, tracked in this workbook.
A10: Did all members contribute fairly? Explain. | B10: Yes — each member completed at least one substantive deliverable (interviews, SRS sections, Supabase setup, GitHub configuration, or the progress report), verified by the group against the evidence in the Individual Contributions sheet.
A11: How did the group handle disagreements or delays? | B11: Minor scheduling friction around the stakeholder's trading hours was resolved by planning visits around off-peak times; no major disagreements arose in this phase.
A12: What did the group learn from the stakeholder? | B12: That the business runs almost entirely on WhatsApp and word-of-mouth, and that queuing and order-accuracy — not lack of interest in technology — are the real pain points driving the need for this system.
A13: Improvement action 1 for the next phase | B13: Push all project artefacts (code, MPP, tracker) into GitHub with commits from every member, not just one.
A14: Improvement action 2 for the next phase | B14: Start system design (UML/ERD) earlier in Phase 2 to protect schedule feasibility, given R-07 is our highest-rated risk.
A15: Priority for the next phase | B15: Validate the Flutter–ASP.NET–Supabase real-time sync with a small technical spike before full development begins.
